Type,Name,Request Count,Failure Count,Median Response Time,Average Response Time,Min Response Time,Max Response Time,Average Content Size,Requests/s,Failures/s,50%,66%,75%,80%,90%,95%,98%,99%,99.9%,99.99%,100%
GET,/demo/protected,31,0,8,9.028900548136951,2.83054199826438,52.40875000163214,826.3870967741935,15.473331281701226,0.0,8,9,10,11,12,13,52,52,52,52,52
GET,/demo/protected[burst],29,0,6,8.262124965203212,3.4657910000532866,52.77487499915878,826.3448275862069,14.475051844172116,0.0,6,7,8,11,12,12,53,53,53,53,53
,Aggregated,60,0,7,8.658292349718977,2.83054199826438,52.77487499915878,826.3666666666667,29.94838312587334,0.0,7,8,10,11,12,13,52,53,53,53,53
